{"bio":{"name":"Straight Acceleration"},"stats":{"sizeStart":0.995,"sizeEnd":0.9899999999999999,"speedStart":0.08000000000000002,"speedEnd":0.995,"speedEase":0.71,"elevation":0.5050000000000001,"elevationStart":0.5050000000000001}}